[{"name":"BOTTOM_NAVIGATION","description":"dev.brampie.myandroidapplication.ui.components.NavigationType.BOTTOM_NAVIGATION","location":"app/dev.brampie.myandroidapplication.ui.components/-navigation-type/-b-o-t-t-o-m_-n-a-v-i-g-a-t-i-o-n/index.html","searchKeys":["BOTTOM_NAVIGATION","BOTTOM_NAVIGATION","dev.brampie.myandroidapplication.ui.components.NavigationType.BOTTOM_NAVIGATION"]},{"name":"CharacterDetail","description":"dev.brampie.myandroidapplication.ui.components.Destinations.CharacterDetail","location":"app/dev.brampie.myandroidapplication.ui.components/-destinations/-character-detail/index.html","searchKeys":["CharacterDetail","CharacterDetail","dev.brampie.myandroidapplication.ui.components.Destinations.CharacterDetail"]},{"name":"Characters","description":"dev.brampie.myandroidapplication.ui.components.Destinations.Characters","location":"app/dev.brampie.myandroidapplication.ui.components/-destinations/-characters/index.html","searchKeys":["Characters","Characters","dev.brampie.myandroidapplication.ui.components.Destinations.Characters"]},{"name":"Locations","description":"dev.brampie.myandroidapplication.ui.components.Destinations.Locations","location":"app/dev.brampie.myandroidapplication.ui.components/-destinations/-locations/index.html","searchKeys":["Locations","Locations","dev.brampie.myandroidapplication.ui.components.Destinations.Locations"]},{"name":"NAVIGATION_RAIL","description":"dev.brampie.myandroidapplication.ui.components.NavigationType.NAVIGATION_RAIL","location":"app/dev.brampie.myandroidapplication.ui.components/-navigation-type/-n-a-v-i-g-a-t-i-o-n_-r-a-i-l/index.html","searchKeys":["NAVIGATION_RAIL","NAVIGATION_RAIL","dev.brampie.myandroidapplication.ui.components.NavigationType.NAVIGATION_RAIL"]},{"name":"PERMANENT_NAVIGATION_DRAWER","description":"dev.brampie.myandroidapplication.ui.components.NavigationType.PERMANENT_NAVIGATION_DRAWER","location":"app/dev.brampie.myandroidapplication.ui.components/-navigation-type/-p-e-r-m-a-n-e-n-t_-n-a-v-i-g-a-t-i-o-n_-d-r-a-w-e-r/index.html","searchKeys":["PERMANENT_NAVIGATION_DRAWER","PERMANENT_NAVIGATION_DRAWER","dev.brampie.myandroidapplication.ui.components.NavigationType.PERMANENT_NAVIGATION_DRAWER"]},{"name":"Search","description":"dev.brampie.myandroidapplication.ui.components.Destinations.Search","location":"app/dev.brampie.myandroidapplication.ui.components/-destinations/-search/index.html","searchKeys":["Search","Search","dev.brampie.myandroidapplication.ui.components.Destinations.Search"]},{"name":"abstract class AppDatabase : RoomDatabase","description":"dev.brampie.myandroidapplication.data.database.AppDatabase","location":"app/dev.brampie.myandroidapplication.data.database/-app-database/index.html","searchKeys":["AppDatabase","abstract class AppDatabase : RoomDatabase","dev.brampie.myandroidapplication.data.database.AppDatabase"]},{"name":"abstract fun characterDao(): CharacterDao","description":"dev.brampie.myandroidapplication.data.database.AppDatabase.characterDao","location":"app/dev.brampie.myandroidapplication.data.database/-app-database/character-dao.html","searchKeys":["characterDao","abstract fun characterDao(): CharacterDao","dev.brampie.myandroidapplication.data.database.AppDatabase.characterDao"]},{"name":"abstract fun getAllCharacters(): Flow<List<DbCharacter>>","description":"dev.brampie.myandroidapplication.data.database.character.CharacterDao.getAllCharacters","location":"app/dev.brampie.myandroidapplication.data.database.character/-character-dao/get-all-characters.html","searchKeys":["getAllCharacters","abstract fun getAllCharacters(): Flow<List<DbCharacter>>","dev.brampie.myandroidapplication.data.database.character.CharacterDao.getAllCharacters"]},{"name":"abstract fun getAllLocations(): Flow<List<DbLocation>>","description":"dev.brampie.myandroidapplication.data.database.location.LocationDao.getAllLocations","location":"app/dev.brampie.myandroidapplication.data.database.location/-location-dao/get-all-locations.html","searchKeys":["getAllLocations","abstract fun getAllLocations(): Flow<List<DbLocation>>","dev.brampie.myandroidapplication.data.database.location.LocationDao.getAllLocations"]},{"name":"abstract fun getCharacterByName(name: String): Flow<List<Character>>","description":"dev.brampie.myandroidapplication.data.AppRepository.getCharacterByName","location":"app/dev.brampie.myandroidapplication.data/-app-repository/get-character-by-name.html","searchKeys":["getCharacterByName","abstract fun getCharacterByName(name: String): Flow<List<Character>>","dev.brampie.myandroidapplication.data.AppRepository.getCharacterByName"]},{"name":"abstract fun getCharacters(): Flow<List<Character>>","description":"dev.brampie.myandroidapplication.data.AppRepository.getCharacters","location":"app/dev.brampie.myandroidapplication.data/-app-repository/get-characters.html","searchKeys":["getCharacters","abstract fun getCharacters(): Flow<List<Character>>","dev.brampie.myandroidapplication.data.AppRepository.getCharacters"]},{"name":"abstract fun getCharactersByName(name: String): Flow<List<DbCharacter>>","description":"dev.brampie.myandroidapplication.data.database.character.CharacterDao.getCharactersByName","location":"app/dev.brampie.myandroidapplication.data.database.character/-character-dao/get-characters-by-name.html","searchKeys":["getCharactersByName","abstract fun getCharactersByName(name: String): Flow<List<DbCharacter>>","dev.brampie.myandroidapplication.data.database.character.CharacterDao.getCharactersByName"]},{"name":"abstract fun getLocations(): Flow<List<Location>>","description":"dev.brampie.myandroidapplication.data.AppRepository.getLocations","location":"app/dev.brampie.myandroidapplication.data/-app-repository/get-locations.html","searchKeys":["getLocations","abstract fun getLocations(): Flow<List<Location>>","dev.brampie.myandroidapplication.data.AppRepository.getLocations"]},{"name":"abstract fun locationDao(): LocationDao","description":"dev.brampie.myandroidapplication.data.database.AppDatabase.locationDao","location":"app/dev.brampie.myandroidapplication.data.database/-app-database/location-dao.html","searchKeys":["locationDao","abstract fun locationDao(): LocationDao","dev.brampie.myandroidapplication.data.database.AppDatabase.locationDao"]},{"name":"abstract suspend fun getCharacterById(id: Int): DbCharacter?","description":"dev.brampie.myandroidapplication.data.database.character.CharacterDao.getCharacterById","location":"app/dev.brampie.myandroidapplication.data.database.character/-character-dao/get-character-by-id.html","searchKeys":["getCharacterById","abstract suspend fun getCharacterById(id: Int): DbCharacter?","dev.brampie.myandroidapplication.data.database.character.CharacterDao.getCharacterById"]},{"name":"abstract suspend fun getCharacterDetail(id: Int): Character?","description":"dev.brampie.myandroidapplication.data.AppRepository.getCharacterDetail","location":"app/dev.brampie.myandroidapplication.data/-app-repository/get-character-detail.html","searchKeys":["getCharacterDetail","abstract suspend fun getCharacterDetail(id: Int): Character?","dev.brampie.myandroidapplication.data.AppRepository.getCharacterDetail"]},{"name":"abstract suspend fun getCharacterDetailById(id: Int): ApiCharacter","description":"dev.brampie.myandroidapplication.network.ApiService.getCharacterDetailById","location":"app/dev.brampie.myandroidapplication.network/-api-service/get-character-detail-by-id.html","searchKeys":["getCharacterDetailById","abstract suspend fun getCharacterDetailById(id: Int): ApiCharacter","dev.brampie.myandroidapplication.network.ApiService.getCharacterDetailById"]},{"name":"abstract suspend fun getCharacters(): List<ApiCharacter>","description":"dev.brampie.myandroidapplication.network.ApiService.getCharacters","location":"app/dev.brampie.myandroidapplication.network/-api-service/get-characters.html","searchKeys":["getCharacters","abstract suspend fun getCharacters(): List<ApiCharacter>","dev.brampie.myandroidapplication.network.ApiService.getCharacters"]},{"name":"abstract suspend fun getLocations(): List<ApiLocation>","description":"dev.brampie.myandroidapplication.network.ApiService.getLocations","location":"app/dev.brampie.myandroidapplication.network/-api-service/get-locations.html","searchKeys":["getLocations","abstract suspend fun getLocations(): List<ApiLocation>","dev.brampie.myandroidapplication.network.ApiService.getLocations"]},{"name":"abstract suspend fun insertCharacter(character: Character)","description":"dev.brampie.myandroidapplication.data.AppRepository.insertCharacter","location":"app/dev.brampie.myandroidapplication.data/-app-repository/insert-character.html","searchKeys":["insertCharacter","abstract suspend fun insertCharacter(character: Character)","dev.brampie.myandroidapplication.data.AppRepository.insertCharacter"]},{"name":"abstract suspend fun insertCharacter(character: DbCharacter)","description":"dev.brampie.myandroidapplication.data.database.character.CharacterDao.insertCharacter","location":"app/dev.brampie.myandroidapplication.data.database.character/-character-dao/insert-character.html","searchKeys":["insertCharacter","abstract suspend fun insertCharacter(character: DbCharacter)","dev.brampie.myandroidapplication.data.database.character.CharacterDao.insertCharacter"]},{"name":"abstract suspend fun insertLocation(location: DbLocation)","description":"dev.brampie.myandroidapplication.data.database.location.LocationDao.insertLocation","location":"app/dev.brampie.myandroidapplication.data.database.location/-location-dao/insert-location.html","searchKeys":["insertLocation","abstract suspend fun insertLocation(location: DbLocation)","dev.brampie.myandroidapplication.data.database.location.LocationDao.insertLocation"]},{"name":"abstract suspend fun insertLocation(location: Location)","description":"dev.brampie.myandroidapplication.data.AppRepository.insertLocation","location":"app/dev.brampie.myandroidapplication.data/-app-repository/insert-location.html","searchKeys":["insertLocation","abstract suspend fun insertLocation(location: Location)","dev.brampie.myandroidapplication.data.AppRepository.insertLocation"]},{"name":"abstract suspend fun refreshCharacters()","description":"dev.brampie.myandroidapplication.data.AppRepository.refreshCharacters","location":"app/dev.brampie.myandroidapplication.data/-app-repository/refresh-characters.html","searchKeys":["refreshCharacters","abstract suspend fun refreshCharacters()","dev.brampie.myandroidapplication.data.AppRepository.refreshCharacters"]},{"name":"abstract suspend fun refreshLocations()","description":"dev.brampie.myandroidapplication.data.AppRepository.refreshLocations","location":"app/dev.brampie.myandroidapplication.data/-app-repository/refresh-locations.html","searchKeys":["refreshLocations","abstract suspend fun refreshLocations()","dev.brampie.myandroidapplication.data.AppRepository.refreshLocations"]},{"name":"abstract val appRepository: AppRepository","description":"dev.brampie.myandroidapplication.data.AppContainer.appRepository","location":"app/dev.brampie.myandroidapplication.data/-app-container/app-repository.html","searchKeys":["appRepository","abstract val appRepository: AppRepository","dev.brampie.myandroidapplication.data.AppContainer.appRepository"]},{"name":"class CachingAppRepository(apiService: ApiService, characterDao: CharacterDao, locationDao: LocationDao, context: Context) : AppRepository","description":"dev.brampie.myandroidapplication.data.CachingAppRepository","location":"app/dev.brampie.myandroidapplication.data/-caching-app-repository/index.html","searchKeys":["CachingAppRepository","class CachingAppRepository(apiService: ApiService, characterDao: CharacterDao, locationDao: LocationDao, context: Context) : AppRepository","dev.brampie.myandroidapplication.data.CachingAppRepository"]},{"name":"class Character(val id: Int, val name: String, val status: String, val species: String, val gender: String, val hair: String, val origin: String, val abilities: List<String>, val img_url: String)","description":"dev.brampie.myandroidapplication.model.character.Character","location":"app/dev.brampie.myandroidapplication.model.character/-character/index.html","searchKeys":["Character","class Character(val id: Int, val name: String, val status: String, val species: String, val gender: String, val hair: String, val origin: String, val abilities: List<String>, val img_url: String)","dev.brampie.myandroidapplication.model.character.Character"]},{"name":"class CharacterDetailViewModel(appRepository: AppRepository) : ViewModel","description":"dev.brampie.myandroidapplication.ui.character.detail.CharacterDetailViewModel","location":"app/dev.brampie.myandroidapplication.ui.character.detail/-character-detail-view-model/index.html","searchKeys":["CharacterDetailViewModel","class CharacterDetailViewModel(appRepository: AppRepository) : ViewModel","dev.brampie.myandroidapplication.ui.character.detail.CharacterDetailViewModel"]},{"name":"class CharacterViewModel(appRepository: AppRepository) : ViewModel","description":"dev.brampie.myandroidapplication.ui.character.overview.CharacterViewModel","location":"app/dev.brampie.myandroidapplication.ui.character.overview/-character-view-model/index.html","searchKeys":["CharacterViewModel","class CharacterViewModel(appRepository: AppRepository) : ViewModel","dev.brampie.myandroidapplication.ui.character.overview.CharacterViewModel"]},{"name":"class DefaultAppContainer(context: Context) : AppContainer","description":"dev.brampie.myandroidapplication.data.DefaultAppContainer","location":"app/dev.brampie.myandroidapplication.data/-default-app-container/index.html","searchKeys":["DefaultAppContainer","class DefaultAppContainer(context: Context) : AppContainer","dev.brampie.myandroidapplication.data.DefaultAppContainer"]},{"name":"class FinalSpaceApplication : Application","description":"dev.brampie.myandroidapplication.FinalSpaceApplication","location":"app/dev.brampie.myandroidapplication/-final-space-application/index.html","searchKeys":["FinalSpaceApplication","class FinalSpaceApplication : Application","dev.brampie.myandroidapplication.FinalSpaceApplication"]},{"name":"class Location(val id: Int, val name: String, val type: String, val img_url: String)","description":"dev.brampie.myandroidapplication.model.location.Location","location":"app/dev.brampie.myandroidapplication.model.location/-location/index.html","searchKeys":["Location","class Location(val id: Int, val name: String, val type: String, val img_url: String)","dev.brampie.myandroidapplication.model.location.Location"]},{"name":"class LocationViewModel(appRepository: AppRepository) : ViewModel","description":"dev.brampie.myandroidapplication.ui.location.LocationViewModel","location":"app/dev.brampie.myandroidapplication.ui.location/-location-view-model/index.html","searchKeys":["LocationViewModel","class LocationViewModel(appRepository: AppRepository) : ViewModel","dev.brampie.myandroidapplication.ui.location.LocationViewModel"]},{"name":"class MainActivity : ComponentActivity","description":"dev.brampie.myandroidapplication.MainActivity","location":"app/dev.brampie.myandroidapplication/-main-activity/index.html","searchKeys":["MainActivity","class MainActivity : ComponentActivity","dev.brampie.myandroidapplication.MainActivity"]},{"name":"class NetworkConnectionInterceptor(val context: Context) : Interceptor","description":"dev.brampie.myandroidapplication.network.NetworkConnectionInterceptor","location":"app/dev.brampie.myandroidapplication.network/-network-connection-interceptor/index.html","searchKeys":["NetworkConnectionInterceptor","class NetworkConnectionInterceptor(val context: Context) : Interceptor","dev.brampie.myandroidapplication.network.NetworkConnectionInterceptor"]},{"name":"class SearchViewModel(appRepository: AppRepository) : ViewModel","description":"dev.brampie.myandroidapplication.ui.search.SearchViewModel","location":"app/dev.brampie.myandroidapplication.ui.search/-search-view-model/index.html","searchKeys":["SearchViewModel","class SearchViewModel(appRepository: AppRepository) : ViewModel","dev.brampie.myandroidapplication.ui.search.SearchViewModel"]},{"name":"constructor()","description":"dev.brampie.myandroidapplication.FinalSpaceApplication.FinalSpaceApplication","location":"app/dev.brampie.myandroidapplication/-final-space-application/-final-space-application.html","searchKeys":["FinalSpaceApplication","constructor()","dev.brampie.myandroidapplication.FinalSpaceApplication.FinalSpaceApplication"]},{"name":"constructor()","description":"dev.brampie.myandroidapplication.MainActivity.MainActivity","location":"app/dev.brampie.myandroidapplication/-main-activity/-main-activity.html","searchKeys":["MainActivity","constructor()","dev.brampie.myandroidapplication.MainActivity.MainActivity"]},{"name":"constructor()","description":"dev.brampie.myandroidapplication.data.database.AppDatabase.AppDatabase","location":"app/dev.brampie.myandroidapplication.data.database/-app-database/-app-database.html","searchKeys":["AppDatabase","constructor()","dev.brampie.myandroidapplication.data.database.AppDatabase.AppDatabase"]},{"name":"constructor(apiService: ApiService, characterDao: CharacterDao, locationDao: LocationDao, context: Context)","description":"dev.brampie.myandroidapplication.data.CachingAppRepository.CachingAppRepository","location":"app/dev.brampie.myandroidapplication.data/-caching-app-repository/-caching-app-repository.html","searchKeys":["CachingAppRepository","constructor(apiService: ApiService, characterDao: CharacterDao, locationDao: LocationDao, context: Context)","dev.brampie.myandroidapplication.data.CachingAppRepository.CachingAppRepository"]},{"name":"constructor(appRepository: AppRepository)","description":"dev.brampie.myandroidapplication.ui.character.detail.CharacterDetailViewModel.CharacterDetailViewModel","location":"app/dev.brampie.myandroidapplication.ui.character.detail/-character-detail-view-model/-character-detail-view-model.html","searchKeys":["CharacterDetailViewModel","constructor(appRepository: AppRepository)","dev.brampie.myandroidapplication.ui.character.detail.CharacterDetailViewModel.CharacterDetailViewModel"]},{"name":"constructor(appRepository: AppRepository)","description":"dev.brampie.myandroidapplication.ui.character.overview.CharacterViewModel.CharacterViewModel","location":"app/dev.brampie.myandroidapplication.ui.character.overview/-character-view-model/-character-view-model.html","searchKeys":["CharacterViewModel","constructor(appRepository: AppRepository)","dev.brampie.myandroidapplication.ui.character.overview.CharacterViewModel.CharacterViewModel"]},{"name":"constructor(appRepository: AppRepository)","description":"dev.brampie.myandroidapplication.ui.location.LocationViewModel.LocationViewModel","location":"app/dev.brampie.myandroidapplication.ui.location/-location-view-model/-location-view-model.html","searchKeys":["LocationViewModel","constructor(appRepository: AppRepository)","dev.brampie.myandroidapplication.ui.location.LocationViewModel.LocationViewModel"]},{"name":"constructor(appRepository: AppRepository)","description":"dev.brampie.myandroidapplication.ui.search.SearchViewModel.SearchViewModel","location":"app/dev.brampie.myandroidapplication.ui.search/-search-view-model/-search-view-model.html","searchKeys":["SearchViewModel","constructor(appRepository: AppRepository)","dev.brampie.myandroidapplication.ui.search.SearchViewModel.SearchViewModel"]},{"name":"constructor(character: Character?)","description":"dev.brampie.myandroidapplication.network.character.ApiCharacterDetailState.Success.Success","location":"app/dev.brampie.myandroidapplication.network.character/-api-character-detail-state/-success/-success.html","searchKeys":["Success","constructor(character: Character?)","dev.brampie.myandroidapplication.network.character.ApiCharacterDetailState.Success.Success"]},{"name":"constructor(characterList: List<Character> = listOf())","description":"dev.brampie.myandroidapplication.network.character.CharacterListState.CharacterListState","location":"app/dev.brampie.myandroidapplication.network.character/-character-list-state/-character-list-state.html","searchKeys":["CharacterListState","constructor(characterList: List<Character> = listOf())","dev.brampie.myandroidapplication.network.character.CharacterListState.CharacterListState"]},{"name":"constructor(context: Context)","description":"dev.brampie.myandroidapplication.data.DefaultAppContainer.DefaultAppContainer","location":"app/dev.brampie.myandroidapplication.data/-default-app-container/-default-app-container.html","searchKeys":["DefaultAppContainer","constructor(context: Context)","dev.brampie.myandroidapplication.data.DefaultAppContainer.DefaultAppContainer"]},{"name":"constructor(context: Context)","description":"dev.brampie.myandroidapplication.network.NetworkConnectionInterceptor.NetworkConnectionInterceptor","location":"app/dev.brampie.myandroidapplication.network/-network-connection-interceptor/-network-connection-interceptor.html","searchKeys":["NetworkConnectionInterceptor","constructor(context: Context)","dev.brampie.myandroidapplication.network.NetworkConnectionInterceptor.NetworkConnectionInterceptor"]},{"name":"constructor(currentCharacterList: List<Character>)","description":"dev.brampie.myandroidapplication.ui.character.overview.CharacterState.CharacterState","location":"app/dev.brampie.myandroidapplication.ui.character.overview/-character-state/-character-state.html","searchKeys":["CharacterState","constructor(currentCharacterList: List<Character>)","dev.brampie.myandroidapplication.ui.character.overview.CharacterState.CharacterState"]},{"name":"constructor(currentLocationList: List<Location>)","description":"dev.brampie.myandroidapplication.ui.location.LocationState.LocationState","location":"app/dev.brampie.myandroidapplication.ui.location/-location-state/-location-state.html","searchKeys":["LocationState","constructor(currentLocationList: List<Location>)","dev.brampie.myandroidapplication.ui.location.LocationState.LocationState"]},{"name":"constructor(id: Int = 0, name: String, status: String, species: String, gender: String, hair: String, origin: String, abilities: String, img_url: String)","description":"dev.brampie.myandroidapplication.data.database.character.DbCharacter.DbCharacter","location":"app/dev.brampie.myandroidapplication.data.database.character/-db-character/-db-character.html","searchKeys":["DbCharacter","constructor(id: Int = 0, name: String, status: String, species: String, gender: String, hair: String, origin: String, abilities: String, img_url: String)","dev.brampie.myandroidapplication.data.database.character.DbCharacter.DbCharacter"]},{"name":"constructor(id: Int = 0, name: String, type: String, img_url: String)","description":"dev.brampie.myandroidapplication.data.database.location.DbLocation.DbLocation","location":"app/dev.brampie.myandroidapplication.data.database.location/-db-location/-db-location.html","searchKeys":["DbLocation","constructor(id: Int = 0, name: String, type: String, img_url: String)","dev.brampie.myandroidapplication.data.database.location.DbLocation.DbLocation"]},{"name":"constructor(id: Int, name: String, status: String, species: String = \"\", gender: String, hair: String, origin: String, abilities: List<String>, img_url: String)","description":"dev.brampie.myandroidapplication.network.character.ApiCharacter.ApiCharacter","location":"app/dev.brampie.myandroidapplication.network.character/-api-character/-api-character.html","searchKeys":["ApiCharacter","constructor(id: Int, name: String, status: String, species: String = \"\", gender: String, hair: String, origin: String, abilities: List<String>, img_url: String)","dev.brampie.myandroidapplication.network.character.ApiCharacter.ApiCharacter"]},{"name":"constructor(id: Int, name: String, status: String, species: String, gender: String, hair: String, origin: String, abilities: List<String>, img_url: String)","description":"dev.brampie.myandroidapplication.model.character.Character.Character","location":"app/dev.brampie.myandroidapplication.model.character/-character/-character.html","searchKeys":["Character","constructor(id: Int, name: String, status: String, species: String, gender: String, hair: String, origin: String, abilities: List<String>, img_url: String)","dev.brampie.myandroidapplication.model.character.Character.Character"]},{"name":"constructor(id: Int, name: String, type: String, img_url: String)","description":"dev.brampie.myandroidapplication.model.location.Location.Location","location":"app/dev.brampie.myandroidapplication.model.location/-location/-location.html","searchKeys":["Location","constructor(id: Int, name: String, type: String, img_url: String)","dev.brampie.myandroidapplication.model.location.Location.Location"]},{"name":"constructor(id: Int, name: String, type: String, img_url: String)","description":"dev.brampie.myandroidapplication.network.location.ApiLocation.ApiLocation","location":"app/dev.brampie.myandroidapplication.network.location/-api-location/-api-location.html","searchKeys":["ApiLocation","constructor(id: Int, name: String, type: String, img_url: String)","dev.brampie.myandroidapplication.network.location.ApiLocation.ApiLocation"]},{"name":"constructor(locationList: List<Location> = listOf())","description":"dev.brampie.myandroidapplication.network.location.LocationListState.LocationListState","location":"app/dev.brampie.myandroidapplication.network.location/-location-list-state/-location-list-state.html","searchKeys":["LocationListState","constructor(locationList: List<Location> = listOf())","dev.brampie.myandroidapplication.network.location.LocationListState.LocationListState"]},{"name":"data class ApiCharacter(val id: Int, val name: String, val status: String, val species: String = \"\", val gender: String, val hair: String, val origin: String, val abilities: List<String>, val img_url: String)","description":"dev.brampie.myandroidapplication.network.character.ApiCharacter","location":"app/dev.brampie.myandroidapplication.network.character/-api-character/index.html","searchKeys":["ApiCharacter","data class ApiCharacter(val id: Int, val name: String, val status: String, val species: String = \"\", val gender: String, val hair: String, val origin: String, val abilities: List<String>, val img_url: String)","dev.brampie.myandroidapplication.network.character.ApiCharacter"]},{"name":"data class ApiLocation(val id: Int, val name: String, val type: String, val img_url: String)","description":"dev.brampie.myandroidapplication.network.location.ApiLocation","location":"app/dev.brampie.myandroidapplication.network.location/-api-location/index.html","searchKeys":["ApiLocation","data class ApiLocation(val id: Int, val name: String, val type: String, val img_url: String)","dev.brampie.myandroidapplication.network.location.ApiLocation"]},{"name":"data class CharacterListState(val characterList: List<Character> = listOf())","description":"dev.brampie.myandroidapplication.network.character.CharacterListState","location":"app/dev.brampie.myandroidapplication.network.character/-character-list-state/index.html","searchKeys":["CharacterListState","data class CharacterListState(val characterList: List<Character> = listOf())","dev.brampie.myandroidapplication.network.character.CharacterListState"]},{"name":"data class CharacterState(val currentCharacterList: List<Character>)","description":"dev.brampie.myandroidapplication.ui.character.overview.CharacterState","location":"app/dev.brampie.myandroidapplication.ui.character.overview/-character-state/index.html","searchKeys":["CharacterState","data class CharacterState(val currentCharacterList: List<Character>)","dev.brampie.myandroidapplication.ui.character.overview.CharacterState"]},{"name":"data class DbCharacter(val id: Int = 0, val name: String, val status: String, val species: String, val gender: String, val hair: String, val origin: String, val abilities: String, val img_url: String)","description":"dev.brampie.myandroidapplication.data.database.character.DbCharacter","location":"app/dev.brampie.myandroidapplication.data.database.character/-db-character/index.html","searchKeys":["DbCharacter","data class DbCharacter(val id: Int = 0, val name: String, val status: String, val species: String, val gender: String, val hair: String, val origin: String, val abilities: String, val img_url: String)","dev.brampie.myandroidapplication.data.database.character.DbCharacter"]},{"name":"data class DbLocation(val id: Int = 0, val name: String, val type: String, val img_url: String)","description":"dev.brampie.myandroidapplication.data.database.location.DbLocation","location":"app/dev.brampie.myandroidapplication.data.database.location/-db-location/index.html","searchKeys":["DbLocation","data class DbLocation(val id: Int = 0, val name: String, val type: String, val img_url: String)","dev.brampie.myandroidapplication.data.database.location.DbLocation"]},{"name":"data class LocationListState(val locationList: List<Location> = listOf())","description":"dev.brampie.myandroidapplication.network.location.LocationListState","location":"app/dev.brampie.myandroidapplication.network.location/-location-list-state/index.html","searchKeys":["LocationListState","data class LocationListState(val locationList: List<Location> = listOf())","dev.brampie.myandroidapplication.network.location.LocationListState"]},{"name":"data class LocationState(val currentLocationList: List<Location>)","description":"dev.brampie.myandroidapplication.ui.location.LocationState","location":"app/dev.brampie.myandroidapplication.ui.location/-location-state/index.html","searchKeys":["LocationState","data class LocationState(val currentLocationList: List<Location>)","dev.brampie.myandroidapplication.ui.location.LocationState"]},{"name":"data class Success(val character: Character?) : ApiCharacterDetailState","description":"dev.brampie.myandroidapplication.network.character.ApiCharacterDetailState.Success","location":"app/dev.brampie.myandroidapplication.network.character/-api-character-detail-state/-success/index.html","searchKeys":["Success","data class Success(val character: Character?) : ApiCharacterDetailState","dev.brampie.myandroidapplication.network.character.ApiCharacterDetailState.Success"]},{"name":"enum Destinations : Enum<Destinations> ","description":"dev.brampie.myandroidapplication.ui.components.Destinations","location":"app/dev.brampie.myandroidapplication.ui.components/-destinations/index.html","searchKeys":["Destinations","enum Destinations : Enum<Destinations> ","dev.brampie.myandroidapplication.ui.components.Destinations"]},{"name":"enum NavigationType : Enum<NavigationType> ","description":"dev.brampie.myandroidapplication.ui.components.NavigationType","location":"app/dev.brampie.myandroidapplication.ui.components/-navigation-type/index.html","searchKeys":["NavigationType","enum NavigationType : Enum<NavigationType> ","dev.brampie.myandroidapplication.ui.components.NavigationType"]},{"name":"fun AbilitiesSection(abilities: List<String>)","description":"dev.brampie.myandroidapplication.ui.character.detail.AbilitiesSection","location":"app/dev.brampie.myandroidapplication.ui.character.detail/-abilities-section.html","searchKeys":["AbilitiesSection","fun AbilitiesSection(abilities: List<String>)","dev.brampie.myandroidapplication.ui.character.detail.AbilitiesSection"]},{"name":"fun ApiCharacter.asDomainObject(): Character","description":"dev.brampie.myandroidapplication.network.character.asDomainObject","location":"app/dev.brampie.myandroidapplication.network.character/as-domain-object.html","searchKeys":["asDomainObject","fun ApiCharacter.asDomainObject(): Character","dev.brampie.myandroidapplication.network.character.asDomainObject"]},{"name":"fun ApiService.getCharactersAsFlow(): Flow<List<ApiCharacter>>","description":"dev.brampie.myandroidapplication.network.getCharactersAsFlow","location":"app/dev.brampie.myandroidapplication.network/get-characters-as-flow.html","searchKeys":["getCharactersAsFlow","fun ApiService.getCharactersAsFlow(): Flow<List<ApiCharacter>>","dev.brampie.myandroidapplication.network.getCharactersAsFlow"]},{"name":"fun ApiService.getLocationsAsFlow(): Flow<List<ApiLocation>>","description":"dev.brampie.myandroidapplication.network.getLocationsAsFlow","location":"app/dev.brampie.myandroidapplication.network/get-locations-as-flow.html","searchKeys":["getLocationsAsFlow","fun ApiService.getLocationsAsFlow(): Flow<List<ApiLocation>>","dev.brampie.myandroidapplication.network.getLocationsAsFlow"]},{"name":"fun Character.asDbCharacter(): DbCharacter","description":"dev.brampie.myandroidapplication.data.database.character.asDbCharacter","location":"app/dev.brampie.myandroidapplication.data.database.character/as-db-character.html","searchKeys":["asDbCharacter","fun Character.asDbCharacter(): DbCharacter","dev.brampie.myandroidapplication.data.database.character.asDbCharacter"]},{"name":"fun CharacterDetail(character: Character, modifier: Modifier = Modifier)","description":"dev.brampie.myandroidapplication.ui.character.detail.CharacterDetail","location":"app/dev.brampie.myandroidapplication.ui.character.detail/-character-detail.html","searchKeys":["CharacterDetail","fun CharacterDetail(character: Character, modifier: Modifier = Modifier)","dev.brampie.myandroidapplication.ui.character.detail.CharacterDetail"]},{"name":"fun CharacterDetailScreen(characterId: Int, modifier: Modifier = Modifier, characterDetailViewModel: CharacterDetailViewModel = viewModel(factory = CharacterDetailViewModel.Factory))","description":"dev.brampie.myandroidapplication.ui.character.detail.CharacterDetailScreen","location":"app/dev.brampie.myandroidapplication.ui.character.detail/-character-detail-screen.html","searchKeys":["CharacterDetailScreen","fun CharacterDetailScreen(characterId: Int, modifier: Modifier = Modifier, characterDetailViewModel: CharacterDetailViewModel = viewModel(factory = CharacterDetailViewModel.Factory))","dev.brampie.myandroidapplication.ui.character.detail.CharacterDetailScreen"]},{"name":"fun CharacterItem(character: Character, onClick: (Int) -> Unit, modifier: Modifier = Modifier)","description":"dev.brampie.myandroidapplication.ui.character.overview.CharacterItem","location":"app/dev.brampie.myandroidapplication.ui.character.overview/-character-item.html","searchKeys":["CharacterItem","fun CharacterItem(character: Character, onClick: (Int) -> Unit, modifier: Modifier = Modifier)","dev.brampie.myandroidapplication.ui.character.overview.CharacterItem"]},{"name":"fun CharacterList(characters: List<Character>, onCharacterClick: (Int) -> Unit)","description":"dev.brampie.myandroidapplication.ui.character.overview.CharacterList","location":"app/dev.brampie.myandroidapplication.ui.character.overview/-character-list.html","searchKeys":["CharacterList","fun CharacterList(characters: List<Character>, onCharacterClick: (Int) -> Unit)","dev.brampie.myandroidapplication.ui.character.overview.CharacterList"]},{"name":"fun CharacterScreen(onClick: (Int) -> Unit, modifier: Modifier = Modifier, characterViewModel: CharacterViewModel = viewModel(factory = CharacterViewModel.Factory))","description":"dev.brampie.myandroidapplication.ui.character.overview.CharacterScreen","location":"app/dev.brampie.myandroidapplication.ui.character.overview/-character-screen.html","searchKeys":["CharacterScreen","fun CharacterScreen(onClick: (Int) -> Unit, modifier: Modifier = Modifier, characterViewModel: CharacterViewModel = viewModel(factory = CharacterViewModel.Factory))","dev.brampie.myandroidapplication.ui.character.overview.CharacterScreen"]},{"name":"fun Chip(label: String)","description":"dev.brampie.myandroidapplication.ui.character.detail.Chip","location":"app/dev.brampie.myandroidapplication.ui.character.detail/-chip.html","searchKeys":["Chip","fun Chip(label: String)","dev.brampie.myandroidapplication.ui.character.detail.Chip"]},{"name":"fun DbCharacter.asDomainCharacter(): Character","description":"dev.brampie.myandroidapplication.data.database.character.asDomainCharacter","location":"app/dev.brampie.myandroidapplication.data.database.character/as-domain-character.html","searchKeys":["asDomainCharacter","fun DbCharacter.asDomainCharacter(): Character","dev.brampie.myandroidapplication.data.database.character.asDomainCharacter"]},{"name":"fun DbLocation.asDomainLocation(): Location","description":"dev.brampie.myandroidapplication.data.database.location.asDomainLocation","location":"app/dev.brampie.myandroidapplication.data.database.location/as-domain-location.html","searchKeys":["asDomainLocation","fun DbLocation.asDomainLocation(): Location","dev.brampie.myandroidapplication.data.database.location.asDomainLocation"]},{"name":"fun DetailItem(label: String, value: String)","description":"dev.brampie.myandroidapplication.ui.character.detail.DetailItem","location":"app/dev.brampie.myandroidapplication.ui.character.detail/-detail-item.html","searchKeys":["DetailItem","fun DetailItem(label: String, value: String)","dev.brampie.myandroidapplication.ui.character.detail.DetailItem"]},{"name":"fun FinalSpaceApp(navigationType: NavigationType, navController: NavHostController = rememberNavController())","description":"dev.brampie.myandroidapplication.ui.FinalSpaceApp","location":"app/dev.brampie.myandroidapplication.ui/-final-space-app.html","searchKeys":["FinalSpaceApp","fun FinalSpaceApp(navigationType: NavigationType, navController: NavHostController = rememberNavController())","dev.brampie.myandroidapplication.ui.FinalSpaceApp"]},{"name":"fun FinalSpaceAppBar(currentScreentitle: String)","description":"dev.brampie.myandroidapplication.ui.components.FinalSpaceAppBar","location":"app/dev.brampie.myandroidapplication.ui.components/-final-space-app-bar.html","searchKeys":["FinalSpaceAppBar","fun FinalSpaceAppBar(currentScreentitle: String)","dev.brampie.myandroidapplication.ui.components.FinalSpaceAppBar"]},{"name":"fun Flow<ApiCharacter>.asDomainObject(): Flow<Character>","description":"dev.brampie.myandroidapplication.network.character.asDomainObject","location":"app/dev.brampie.myandroidapplication.network.character/as-domain-object.html","searchKeys":["asDomainObject","fun Flow<ApiCharacter>.asDomainObject(): Flow<Character>","dev.brampie.myandroidapplication.network.character.asDomainObject"]},{"name":"fun Flow<List<ApiCharacter>>.asDomainObjects(): Flow<List<Character>>","description":"dev.brampie.myandroidapplication.network.character.asDomainObjects","location":"app/dev.brampie.myandroidapplication.network.character/as-domain-objects.html","searchKeys":["asDomainObjects","fun Flow<List<ApiCharacter>>.asDomainObjects(): Flow<List<Character>>","dev.brampie.myandroidapplication.network.character.asDomainObjects"]},{"name":"fun Flow<List<ApiLocation>>.asDomainObjects(): Flow<List<Location>>","description":"dev.brampie.myandroidapplication.network.location.asDomainObjects","location":"app/dev.brampie.myandroidapplication.network.location/as-domain-objects.html","searchKeys":["asDomainObjects","fun Flow<List<ApiLocation>>.asDomainObjects(): Flow<List<Location>>","dev.brampie.myandroidapplication.network.location.asDomainObjects"]},{"name":"fun List<ApiCharacter>.asDomainObjects(): List<Character>","description":"dev.brampie.myandroidapplication.network.character.asDomainObjects","location":"app/dev.brampie.myandroidapplication.network.character/as-domain-objects.html","searchKeys":["asDomainObjects","fun List<ApiCharacter>.asDomainObjects(): List<Character>","dev.brampie.myandroidapplication.network.character.asDomainObjects"]},{"name":"fun List<ApiLocation>.asDomainObjects(): List<Location>","description":"dev.brampie.myandroidapplication.network.location.asDomainObjects","location":"app/dev.brampie.myandroidapplication.network.location/as-domain-objects.html","searchKeys":["asDomainObjects","fun List<ApiLocation>.asDomainObjects(): List<Location>","dev.brampie.myandroidapplication.network.location.asDomainObjects"]},{"name":"fun List<DbCharacter>.asDomainCharacters(): List<Character>","description":"dev.brampie.myandroidapplication.data.database.character.asDomainCharacters","location":"app/dev.brampie.myandroidapplication.data.database.character/as-domain-characters.html","searchKeys":["asDomainCharacters","fun List<DbCharacter>.asDomainCharacters(): List<Character>","dev.brampie.myandroidapplication.data.database.character.asDomainCharacters"]},{"name":"fun List<DbLocation>.asDomainLocations(): List<Location>","description":"dev.brampie.myandroidapplication.data.database.location.asDomainLocations","location":"app/dev.brampie.myandroidapplication.data.database.location/as-domain-locations.html","searchKeys":["asDomainLocations","fun List<DbLocation>.asDomainLocations(): List<Location>","dev.brampie.myandroidapplication.data.database.location.asDomainLocations"]},{"name":"fun Location.asDbLocation(): DbLocation","description":"dev.brampie.myandroidapplication.data.database.location.asDbLocation","location":"app/dev.brampie.myandroidapplication.data.database.location/as-db-location.html","searchKeys":["asDbLocation","fun Location.asDbLocation(): DbLocation","dev.brampie.myandroidapplication.data.database.location.asDbLocation"]},{"name":"fun LocationItem(location: Location, modifier: Modifier = Modifier)","description":"dev.brampie.myandroidapplication.ui.location.LocationItem","location":"app/dev.brampie.myandroidapplication.ui.location/-location-item.html","searchKeys":["LocationItem","fun LocationItem(location: Location, modifier: Modifier = Modifier)","dev.brampie.myandroidapplication.ui.location.LocationItem"]},{"name":"fun LocationList(locations: List<Location>)","description":"dev.brampie.myandroidapplication.ui.location.LocationList","location":"app/dev.brampie.myandroidapplication.ui.location/-location-list.html","searchKeys":["LocationList","fun LocationList(locations: List<Location>)","dev.brampie.myandroidapplication.ui.location.LocationList"]},{"name":"fun LocationScreen(modifier: Modifier = Modifier, locationViewModel: LocationViewModel = viewModel(factory = LocationViewModel.Factory))","description":"dev.brampie.myandroidapplication.ui.location.LocationScreen","location":"app/dev.brampie.myandroidapplication.ui.location/-location-screen.html","searchKeys":["LocationScreen","fun LocationScreen(modifier: Modifier = Modifier, locationViewModel: LocationViewModel = viewModel(factory = LocationViewModel.Factory))","dev.brampie.myandroidapplication.ui.location.LocationScreen"]},{"name":"fun MyAndroidApplicationTheme(darkTheme: Boolean = isSystemInDarkTheme(), dynamicColor: Boolean = true, content: () -> Unit)","description":"dev.brampie.myandroidapplication.ui.theme.MyAndroidApplicationTheme","location":"app/dev.brampie.myandroidapplication.ui.theme/-my-android-application-theme.html","searchKeys":["MyAndroidApplicationTheme","fun MyAndroidApplicationTheme(darkTheme: Boolean = isSystemInDarkTheme(), dynamicColor: Boolean = true, content: () -> Unit)","dev.brampie.myandroidapplication.ui.theme.MyAndroidApplicationTheme"]},{"name":"fun NavigationBar(onHome: () -> Unit, onLocation: () -> Unit, onSearch: () -> Unit, currentBackStackEntry: String?)","description":"dev.brampie.myandroidapplication.ui.components.NavigationBar","location":"app/dev.brampie.myandroidapplication.ui.components/-navigation-bar.html","searchKeys":["NavigationBar","fun NavigationBar(onHome: () -> Unit, onLocation: () -> Unit, onSearch: () -> Unit, currentBackStackEntry: String?)","dev.brampie.myandroidapplication.ui.components.NavigationBar"]},{"name":"fun RailAppNavigation(onHome: () -> Unit, onLocation: () -> Unit, onSearch: () -> Unit, currentBackStackEntry: String?)","description":"dev.brampie.myandroidapplication.ui.components.RailAppNavigation","location":"app/dev.brampie.myandroidapplication.ui.components/-rail-app-navigation.html","searchKeys":["RailAppNavigation","fun RailAppNavigation(onHome: () -> Unit, onLocation: () -> Unit, onSearch: () -> Unit, currentBackStackEntry: String?)","dev.brampie.myandroidapplication.ui.components.RailAppNavigation"]},{"name":"fun SearchScreen(onClick: (Int) -> Unit, modifier: Modifier = Modifier, searchViewModel: SearchViewModel = viewModel(factory = SearchViewModel.Factory))","description":"dev.brampie.myandroidapplication.ui.search.SearchScreen","location":"app/dev.brampie.myandroidapplication.ui.search/-search-screen.html","searchKeys":["SearchScreen","fun SearchScreen(onClick: (Int) -> Unit, modifier: Modifier = Modifier, searchViewModel: SearchViewModel = viewModel(factory = SearchViewModel.Factory))","dev.brampie.myandroidapplication.ui.search.SearchScreen"]},{"name":"fun fetchCharacterByName(name: String)","description":"dev.brampie.myandroidapplication.ui.search.SearchViewModel.fetchCharacterByName","location":"app/dev.brampie.myandroidapplication.ui.search/-search-view-model/fetch-character-by-name.html","searchKeys":["fetchCharacterByName","fun fetchCharacterByName(name: String)","dev.brampie.myandroidapplication.ui.search.SearchViewModel.fetchCharacterByName"]},{"name":"fun getApiCharacters()","description":"dev.brampie.myandroidapplication.ui.character.overview.CharacterViewModel.getApiCharacters","location":"app/dev.brampie.myandroidapplication.ui.character.overview/-character-view-model/get-api-characters.html","searchKeys":["getApiCharacters","fun getApiCharacters()","dev.brampie.myandroidapplication.ui.character.overview.CharacterViewModel.getApiCharacters"]},{"name":"fun getApiLocations()","description":"dev.brampie.myandroidapplication.ui.location.LocationViewModel.getApiLocations","location":"app/dev.brampie.myandroidapplication.ui.location/-location-view-model/get-api-locations.html","searchKeys":["getApiLocations","fun getApiLocations()","dev.brampie.myandroidapplication.ui.location.LocationViewModel.getApiLocations"]},{"name":"fun getCharacterDetail(id: Int)","description":"dev.brampie.myandroidapplication.ui.character.detail.CharacterDetailViewModel.getCharacterDetail","location":"app/dev.brampie.myandroidapplication.ui.character.detail/-character-detail-view-model/get-character-detail.html","searchKeys":["getCharacterDetail","fun getCharacterDetail(id: Int)","dev.brampie.myandroidapplication.ui.character.detail.CharacterDetailViewModel.getCharacterDetail"]},{"name":"fun getDatabase(context: Context): AppDatabase","description":"dev.brampie.myandroidapplication.data.database.AppDatabase.Companion.getDatabase","location":"app/dev.brampie.myandroidapplication.data.database/-app-database/-companion/get-database.html","searchKeys":["getDatabase","fun getDatabase(context: Context): AppDatabase","dev.brampie.myandroidapplication.data.database.AppDatabase.Companion.getDatabase"]},{"name":"fun isConnected(context: Context): Boolean","description":"dev.brampie.myandroidapplication.network.NetworkConnectionInterceptor.isConnected","location":"app/dev.brampie.myandroidapplication.network/-network-connection-interceptor/is-connected.html","searchKeys":["isConnected","fun isConnected(context: Context): Boolean","dev.brampie.myandroidapplication.network.NetworkConnectionInterceptor.isConnected"]},{"name":"fun valueOf(value: String): Destinations","description":"dev.brampie.myandroidapplication.ui.components.Destinations.valueOf","location":"app/dev.brampie.myandroidapplication.ui.components/-destinations/value-of.html","searchKeys":["valueOf","fun valueOf(value: String): Destinations","dev.brampie.myandroidapplication.ui.components.Destinations.valueOf"]},{"name":"fun valueOf(value: String): NavigationType","description":"dev.brampie.myandroidapplication.ui.components.NavigationType.valueOf","location":"app/dev.brampie.myandroidapplication.ui.components/-navigation-type/value-of.html","searchKeys":["valueOf","fun valueOf(value: String): NavigationType","dev.brampie.myandroidapplication.ui.components.NavigationType.valueOf"]},{"name":"fun values(): Array<Destinations>","description":"dev.brampie.myandroidapplication.ui.components.Destinations.values","location":"app/dev.brampie.myandroidapplication.ui.components/-destinations/values.html","searchKeys":["values","fun values(): Array<Destinations>","dev.brampie.myandroidapplication.ui.components.Destinations.values"]},{"name":"fun values(): Array<NavigationType>","description":"dev.brampie.myandroidapplication.ui.components.NavigationType.values","location":"app/dev.brampie.myandroidapplication.ui.components/-navigation-type/values.html","searchKeys":["values","fun values(): Array<NavigationType>","dev.brampie.myandroidapplication.ui.components.NavigationType.values"]},{"name":"interface ApiCharacterDetailState","description":"dev.brampie.myandroidapplication.network.character.ApiCharacterDetailState","location":"app/dev.brampie.myandroidapplication.network.character/-api-character-detail-state/index.html","searchKeys":["ApiCharacterDetailState","interface ApiCharacterDetailState","dev.brampie.myandroidapplication.network.character.ApiCharacterDetailState"]},{"name":"interface ApiCharacterState","description":"dev.brampie.myandroidapplication.network.character.ApiCharacterState","location":"app/dev.brampie.myandroidapplication.network.character/-api-character-state/index.html","searchKeys":["ApiCharacterState","interface ApiCharacterState","dev.brampie.myandroidapplication.network.character.ApiCharacterState"]},{"name":"interface ApiLocationState","description":"dev.brampie.myandroidapplication.network.location.ApiLocationState","location":"app/dev.brampie.myandroidapplication.network.location/-api-location-state/index.html","searchKeys":["ApiLocationState","interface ApiLocationState","dev.brampie.myandroidapplication.network.location.ApiLocationState"]},{"name":"interface ApiService","description":"dev.brampie.myandroidapplication.network.ApiService","location":"app/dev.brampie.myandroidapplication.network/-api-service/index.html","searchKeys":["ApiService","interface ApiService","dev.brampie.myandroidapplication.network.ApiService"]},{"name":"interface AppContainer","description":"dev.brampie.myandroidapplication.data.AppContainer","location":"app/dev.brampie.myandroidapplication.data/-app-container/index.html","searchKeys":["AppContainer","interface AppContainer","dev.brampie.myandroidapplication.data.AppContainer"]},{"name":"interface AppRepository","description":"dev.brampie.myandroidapplication.data.AppRepository","location":"app/dev.brampie.myandroidapplication.data/-app-repository/index.html","searchKeys":["AppRepository","interface AppRepository","dev.brampie.myandroidapplication.data.AppRepository"]},{"name":"interface CharacterDao","description":"dev.brampie.myandroidapplication.data.database.character.CharacterDao","location":"app/dev.brampie.myandroidapplication.data.database.character/-character-dao/index.html","searchKeys":["CharacterDao","interface CharacterDao","dev.brampie.myandroidapplication.data.database.character.CharacterDao"]},{"name":"interface LocationDao","description":"dev.brampie.myandroidapplication.data.database.location.LocationDao","location":"app/dev.brampie.myandroidapplication.data.database.location/-location-dao/index.html","searchKeys":["LocationDao","interface LocationDao","dev.brampie.myandroidapplication.data.database.location.LocationDao"]},{"name":"lateinit var container: AppContainer","description":"dev.brampie.myandroidapplication.FinalSpaceApplication.container","location":"app/dev.brampie.myandroidapplication/-final-space-application/container.html","searchKeys":["container","lateinit var container: AppContainer","dev.brampie.myandroidapplication.FinalSpaceApplication.container"]},{"name":"lateinit var uiCharacterListState: StateFlow<CharacterListState>","description":"dev.brampie.myandroidapplication.ui.character.overview.CharacterViewModel.uiCharacterListState","location":"app/dev.brampie.myandroidapplication.ui.character.overview/-character-view-model/ui-character-list-state.html","searchKeys":["uiCharacterListState","lateinit var uiCharacterListState: StateFlow<CharacterListState>","dev.brampie.myandroidapplication.ui.character.overview.CharacterViewModel.uiCharacterListState"]},{"name":"lateinit var uiLocationListState: StateFlow<LocationListState>","description":"dev.brampie.myandroidapplication.ui.location.LocationViewModel.uiLocationListState","location":"app/dev.brampie.myandroidapplication.ui.location/-location-view-model/ui-location-list-state.html","searchKeys":["uiLocationListState","lateinit var uiLocationListState: StateFlow<LocationListState>","dev.brampie.myandroidapplication.ui.location.LocationViewModel.uiLocationListState"]},{"name":"object Companion","description":"dev.brampie.myandroidapplication.data.database.AppDatabase.Companion","location":"app/dev.brampie.myandroidapplication.data.database/-app-database/-companion/index.html","searchKeys":["Companion","object Companion","dev.brampie.myandroidapplication.data.database.AppDatabase.Companion"]},{"name":"object Companion","description":"dev.brampie.myandroidapplication.ui.character.detail.CharacterDetailViewModel.Companion","location":"app/dev.brampie.myandroidapplication.ui.character.detail/-character-detail-view-model/-companion/index.html","searchKeys":["Companion","object Companion","dev.brampie.myandroidapplication.ui.character.detail.CharacterDetailViewModel.Companion"]},{"name":"object Companion","description":"dev.brampie.myandroidapplication.ui.character.overview.CharacterViewModel.Companion","location":"app/dev.brampie.myandroidapplication.ui.character.overview/-character-view-model/-companion/index.html","searchKeys":["Companion","object Companion","dev.brampie.myandroidapplication.ui.character.overview.CharacterViewModel.Companion"]},{"name":"object Companion","description":"dev.brampie.myandroidapplication.ui.location.LocationViewModel.Companion","location":"app/dev.brampie.myandroidapplication.ui.location/-location-view-model/-companion/index.html","searchKeys":["Companion","object Companion","dev.brampie.myandroidapplication.ui.location.LocationViewModel.Companion"]},{"name":"object Companion","description":"dev.brampie.myandroidapplication.ui.search.SearchViewModel.Companion","location":"app/dev.brampie.myandroidapplication.ui.search/-search-view-model/-companion/index.html","searchKeys":["Companion","object Companion","dev.brampie.myandroidapplication.ui.search.SearchViewModel.Companion"]},{"name":"object Error : ApiCharacterDetailState","description":"dev.brampie.myandroidapplication.network.character.ApiCharacterDetailState.Error","location":"app/dev.brampie.myandroidapplication.network.character/-api-character-detail-state/-error/index.html","searchKeys":["Error","object Error : ApiCharacterDetailState","dev.brampie.myandroidapplication.network.character.ApiCharacterDetailState.Error"]},{"name":"object Error : ApiCharacterState","description":"dev.brampie.myandroidapplication.network.character.ApiCharacterState.Error","location":"app/dev.brampie.myandroidapplication.network.character/-api-character-state/-error/index.html","searchKeys":["Error","object Error : ApiCharacterState","dev.brampie.myandroidapplication.network.character.ApiCharacterState.Error"]},{"name":"object Error : ApiLocationState","description":"dev.brampie.myandroidapplication.network.location.ApiLocationState.Error","location":"app/dev.brampie.myandroidapplication.network.location/-api-location-state/-error/index.html","searchKeys":["Error","object Error : ApiLocationState","dev.brampie.myandroidapplication.network.location.ApiLocationState.Error"]},{"name":"object Loading : ApiCharacterDetailState","description":"dev.brampie.myandroidapplication.network.character.ApiCharacterDetailState.Loading","location":"app/dev.brampie.myandroidapplication.network.character/-api-character-detail-state/-loading/index.html","searchKeys":["Loading","object Loading : ApiCharacterDetailState","dev.brampie.myandroidapplication.network.character.ApiCharacterDetailState.Loading"]},{"name":"object Loading : ApiCharacterState","description":"dev.brampie.myandroidapplication.network.character.ApiCharacterState.Loading","location":"app/dev.brampie.myandroidapplication.network.character/-api-character-state/-loading/index.html","searchKeys":["Loading","object Loading : ApiCharacterState","dev.brampie.myandroidapplication.network.character.ApiCharacterState.Loading"]},{"name":"object Loading : ApiLocationState","description":"dev.brampie.myandroidapplication.network.location.ApiLocationState.Loading","location":"app/dev.brampie.myandroidapplication.network.location/-api-location-state/-loading/index.html","searchKeys":["Loading","object Loading : ApiLocationState","dev.brampie.myandroidapplication.network.location.ApiLocationState.Loading"]},{"name":"object Success : ApiCharacterState","description":"dev.brampie.myandroidapplication.network.character.ApiCharacterState.Success","location":"app/dev.brampie.myandroidapplication.network.character/-api-character-state/-success/index.html","searchKeys":["Success","object Success : ApiCharacterState","dev.brampie.myandroidapplication.network.character.ApiCharacterState.Success"]},{"name":"object Success : ApiLocationState","description":"dev.brampie.myandroidapplication.network.location.ApiLocationState.Success","location":"app/dev.brampie.myandroidapplication.network.location/-api-location-state/-success/index.html","searchKeys":["Success","object Success : ApiLocationState","dev.brampie.myandroidapplication.network.location.ApiLocationState.Success"]},{"name":"open override fun getCharacterByName(name: String): Flow<List<Character>>","description":"dev.brampie.myandroidapplication.data.CachingAppRepository.getCharacterByName","location":"app/dev.brampie.myandroidapplication.data/-caching-app-repository/get-character-by-name.html","searchKeys":["getCharacterByName","open override fun getCharacterByName(name: String): Flow<List<Character>>","dev.brampie.myandroidapplication.data.CachingAppRepository.getCharacterByName"]},{"name":"open override fun getCharacters(): Flow<List<Character>>","description":"dev.brampie.myandroidapplication.data.CachingAppRepository.getCharacters","location":"app/dev.brampie.myandroidapplication.data/-caching-app-repository/get-characters.html","searchKeys":["getCharacters","open override fun getCharacters(): Flow<List<Character>>","dev.brampie.myandroidapplication.data.CachingAppRepository.getCharacters"]},{"name":"open override fun getLocations(): Flow<List<Location>>","description":"dev.brampie.myandroidapplication.data.CachingAppRepository.getLocations","location":"app/dev.brampie.myandroidapplication.data/-caching-app-repository/get-locations.html","searchKeys":["getLocations","open override fun getLocations(): Flow<List<Location>>","dev.brampie.myandroidapplication.data.CachingAppRepository.getLocations"]},{"name":"open override fun intercept(chain: Interceptor.Chain): Response","description":"dev.brampie.myandroidapplication.network.NetworkConnectionInterceptor.intercept","location":"app/dev.brampie.myandroidapplication.network/-network-connection-interceptor/intercept.html","searchKeys":["intercept","open override fun intercept(chain: Interceptor.Chain): Response","dev.brampie.myandroidapplication.network.NetworkConnectionInterceptor.intercept"]},{"name":"open override fun onCreate()","description":"dev.brampie.myandroidapplication.FinalSpaceApplication.onCreate","location":"app/dev.brampie.myandroidapplication/-final-space-application/on-create.html","searchKeys":["onCreate","open override fun onCreate()","dev.brampie.myandroidapplication.FinalSpaceApplication.onCreate"]},{"name":"open override val appRepository: AppRepository","description":"dev.brampie.myandroidapplication.data.DefaultAppContainer.appRepository","location":"app/dev.brampie.myandroidapplication.data/-default-app-container/app-repository.html","searchKeys":["appRepository","open override val appRepository: AppRepository","dev.brampie.myandroidapplication.data.DefaultAppContainer.appRepository"]},{"name":"open suspend override fun getCharacterDetail(id: Int): Character","description":"dev.brampie.myandroidapplication.data.CachingAppRepository.getCharacterDetail","location":"app/dev.brampie.myandroidapplication.data/-caching-app-repository/get-character-detail.html","searchKeys":["getCharacterDetail","open suspend override fun getCharacterDetail(id: Int): Character","dev.brampie.myandroidapplication.data.CachingAppRepository.getCharacterDetail"]},{"name":"open suspend override fun insertCharacter(character: Character)","description":"dev.brampie.myandroidapplication.data.CachingAppRepository.insertCharacter","location":"app/dev.brampie.myandroidapplication.data/-caching-app-repository/insert-character.html","searchKeys":["insertCharacter","open suspend override fun insertCharacter(character: Character)","dev.brampie.myandroidapplication.data.CachingAppRepository.insertCharacter"]},{"name":"open suspend override fun insertLocation(location: Location)","description":"dev.brampie.myandroidapplication.data.CachingAppRepository.insertLocation","location":"app/dev.brampie.myandroidapplication.data/-caching-app-repository/insert-location.html","searchKeys":["insertLocation","open suspend override fun insertLocation(location: Location)","dev.brampie.myandroidapplication.data.CachingAppRepository.insertLocation"]},{"name":"open suspend override fun refreshCharacters()","description":"dev.brampie.myandroidapplication.data.CachingAppRepository.refreshCharacters","location":"app/dev.brampie.myandroidapplication.data/-caching-app-repository/refresh-characters.html","searchKeys":["refreshCharacters","open suspend override fun refreshCharacters()","dev.brampie.myandroidapplication.data.CachingAppRepository.refreshCharacters"]},{"name":"open suspend override fun refreshLocations()","description":"dev.brampie.myandroidapplication.data.CachingAppRepository.refreshLocations","location":"app/dev.brampie.myandroidapplication.data/-caching-app-repository/refresh-locations.html","searchKeys":["refreshLocations","open suspend override fun refreshLocations()","dev.brampie.myandroidapplication.data.CachingAppRepository.refreshLocations"]},{"name":"val Factory: ViewModelProvider.Factory","description":"dev.brampie.myandroidapplication.ui.character.detail.CharacterDetailViewModel.Companion.Factory","location":"app/dev.brampie.myandroidapplication.ui.character.detail/-character-detail-view-model/-companion/-factory.html","searchKeys":["Factory","val Factory: ViewModelProvider.Factory","dev.brampie.myandroidapplication.ui.character.detail.CharacterDetailViewModel.Companion.Factory"]},{"name":"val Factory: ViewModelProvider.Factory","description":"dev.brampie.myandroidapplication.ui.character.overview.CharacterViewModel.Companion.Factory","location":"app/dev.brampie.myandroidapplication.ui.character.overview/-character-view-model/-companion/-factory.html","searchKeys":["Factory","val Factory: ViewModelProvider.Factory","dev.brampie.myandroidapplication.ui.character.overview.CharacterViewModel.Companion.Factory"]},{"name":"val Factory: ViewModelProvider.Factory","description":"dev.brampie.myandroidapplication.ui.location.LocationViewModel.Companion.Factory","location":"app/dev.brampie.myandroidapplication.ui.location/-location-view-model/-companion/-factory.html","searchKeys":["Factory","val Factory: ViewModelProvider.Factory","dev.brampie.myandroidapplication.ui.location.LocationViewModel.Companion.Factory"]},{"name":"val Factory: ViewModelProvider.Factory","description":"dev.brampie.myandroidapplication.ui.search.SearchViewModel.Companion.Factory","location":"app/dev.brampie.myandroidapplication.ui.search/-search-view-model/-companion/-factory.html","searchKeys":["Factory","val Factory: ViewModelProvider.Factory","dev.brampie.myandroidapplication.ui.search.SearchViewModel.Companion.Factory"]},{"name":"val Pink40: Color","description":"dev.brampie.myandroidapplication.ui.theme.Pink40","location":"app/dev.brampie.myandroidapplication.ui.theme/-pink40.html","searchKeys":["Pink40","val Pink40: Color","dev.brampie.myandroidapplication.ui.theme.Pink40"]},{"name":"val Pink80: Color","description":"dev.brampie.myandroidapplication.ui.theme.Pink80","location":"app/dev.brampie.myandroidapplication.ui.theme/-pink80.html","searchKeys":["Pink80","val Pink80: Color","dev.brampie.myandroidapplication.ui.theme.Pink80"]},{"name":"val Purple40: Color","description":"dev.brampie.myandroidapplication.ui.theme.Purple40","location":"app/dev.brampie.myandroidapplication.ui.theme/-purple40.html","searchKeys":["Purple40","val Purple40: Color","dev.brampie.myandroidapplication.ui.theme.Purple40"]},{"name":"val Purple80: Color","description":"dev.brampie.myandroidapplication.ui.theme.Purple80","location":"app/dev.brampie.myandroidapplication.ui.theme/-purple80.html","searchKeys":["Purple80","val Purple80: Color","dev.brampie.myandroidapplication.ui.theme.Purple80"]},{"name":"val PurpleGrey40: Color","description":"dev.brampie.myandroidapplication.ui.theme.PurpleGrey40","location":"app/dev.brampie.myandroidapplication.ui.theme/-purple-grey40.html","searchKeys":["PurpleGrey40","val PurpleGrey40: Color","dev.brampie.myandroidapplication.ui.theme.PurpleGrey40"]},{"name":"val PurpleGrey80: Color","description":"dev.brampie.myandroidapplication.ui.theme.PurpleGrey80","location":"app/dev.brampie.myandroidapplication.ui.theme/-purple-grey80.html","searchKeys":["PurpleGrey80","val PurpleGrey80: Color","dev.brampie.myandroidapplication.ui.theme.PurpleGrey80"]},{"name":"val Typography: Typography","description":"dev.brampie.myandroidapplication.ui.theme.Typography","location":"app/dev.brampie.myandroidapplication.ui.theme/-typography.html","searchKeys":["Typography","val Typography: Typography","dev.brampie.myandroidapplication.ui.theme.Typography"]},{"name":"val abilities: List<String>","description":"dev.brampie.myandroidapplication.model.character.Character.abilities","location":"app/dev.brampie.myandroidapplication.model.character/-character/abilities.html","searchKeys":["abilities","val abilities: List<String>","dev.brampie.myandroidapplication.model.character.Character.abilities"]},{"name":"val abilities: List<String>","description":"dev.brampie.myandroidapplication.network.character.ApiCharacter.abilities","location":"app/dev.brampie.myandroidapplication.network.character/-api-character/abilities.html","searchKeys":["abilities","val abilities: List<String>","dev.brampie.myandroidapplication.network.character.ApiCharacter.abilities"]},{"name":"val abilities: String","description":"dev.brampie.myandroidapplication.data.database.character.DbCharacter.abilities","location":"app/dev.brampie.myandroidapplication.data.database.character/-db-character/abilities.html","searchKeys":["abilities","val abilities: String","dev.brampie.myandroidapplication.data.database.character.DbCharacter.abilities"]},{"name":"val character: Character?","description":"dev.brampie.myandroidapplication.network.character.ApiCharacterDetailState.Success.character","location":"app/dev.brampie.myandroidapplication.network.character/-api-character-detail-state/-success/character.html","searchKeys":["character","val character: Character?","dev.brampie.myandroidapplication.network.character.ApiCharacterDetailState.Success.character"]},{"name":"val characterByName: StateFlow<List<Character>>","description":"dev.brampie.myandroidapplication.ui.search.SearchViewModel.characterByName","location":"app/dev.brampie.myandroidapplication.ui.search/-search-view-model/character-by-name.html","searchKeys":["characterByName","val characterByName: StateFlow<List<Character>>","dev.brampie.myandroidapplication.ui.search.SearchViewModel.characterByName"]},{"name":"val characterList: List<Character>","description":"dev.brampie.myandroidapplication.network.character.CharacterListState.characterList","location":"app/dev.brampie.myandroidapplication.network.character/-character-list-state/character-list.html","searchKeys":["characterList","val characterList: List<Character>","dev.brampie.myandroidapplication.network.character.CharacterListState.characterList"]},{"name":"val characterState: StateFlow<ApiCharacterDetailState>","description":"dev.brampie.myandroidapplication.ui.character.detail.CharacterDetailViewModel.characterState","location":"app/dev.brampie.myandroidapplication.ui.character.detail/-character-detail-view-model/character-state.html","searchKeys":["characterState","val characterState: StateFlow<ApiCharacterDetailState>","dev.brampie.myandroidapplication.ui.character.detail.CharacterDetailViewModel.characterState"]},{"name":"val context: Context","description":"dev.brampie.myandroidapplication.network.NetworkConnectionInterceptor.context","location":"app/dev.brampie.myandroidapplication.network/-network-connection-interceptor/context.html","searchKeys":["context","val context: Context","dev.brampie.myandroidapplication.network.NetworkConnectionInterceptor.context"]},{"name":"val currentCharacterList: List<Character>","description":"dev.brampie.myandroidapplication.ui.character.overview.CharacterState.currentCharacterList","location":"app/dev.brampie.myandroidapplication.ui.character.overview/-character-state/current-character-list.html","searchKeys":["currentCharacterList","val currentCharacterList: List<Character>","dev.brampie.myandroidapplication.ui.character.overview.CharacterState.currentCharacterList"]},{"name":"val currentLocationList: List<Location>","description":"dev.brampie.myandroidapplication.ui.location.LocationState.currentLocationList","location":"app/dev.brampie.myandroidapplication.ui.location/-location-state/current-location-list.html","searchKeys":["currentLocationList","val currentLocationList: List<Location>","dev.brampie.myandroidapplication.ui.location.LocationState.currentLocationList"]},{"name":"val entries: EnumEntries<Destinations>","description":"dev.brampie.myandroidapplication.ui.components.Destinations.entries","location":"app/dev.brampie.myandroidapplication.ui.components/-destinations/entries.html","searchKeys":["entries","val entries: EnumEntries<Destinations>","dev.brampie.myandroidapplication.ui.components.Destinations.entries"]},{"name":"val entries: EnumEntries<NavigationType>","description":"dev.brampie.myandroidapplication.ui.components.NavigationType.entries","location":"app/dev.brampie.myandroidapplication.ui.components/-navigation-type/entries.html","searchKeys":["entries","val entries: EnumEntries<NavigationType>","dev.brampie.myandroidapplication.ui.components.NavigationType.entries"]},{"name":"val gender: String","description":"dev.brampie.myandroidapplication.data.database.character.DbCharacter.gender","location":"app/dev.brampie.myandroidapplication.data.database.character/-db-character/gender.html","searchKeys":["gender","val gender: String","dev.brampie.myandroidapplication.data.database.character.DbCharacter.gender"]},{"name":"val gender: String","description":"dev.brampie.myandroidapplication.model.character.Character.gender","location":"app/dev.brampie.myandroidapplication.model.character/-character/gender.html","searchKeys":["gender","val gender: String","dev.brampie.myandroidapplication.model.character.Character.gender"]},{"name":"val gender: String","description":"dev.brampie.myandroidapplication.network.character.ApiCharacter.gender","location":"app/dev.brampie.myandroidapplication.network.character/-api-character/gender.html","searchKeys":["gender","val gender: String","dev.brampie.myandroidapplication.network.character.ApiCharacter.gender"]},{"name":"val hair: String","description":"dev.brampie.myandroidapplication.data.database.character.DbCharacter.hair","location":"app/dev.brampie.myandroidapplication.data.database.character/-db-character/hair.html","searchKeys":["hair","val hair: String","dev.brampie.myandroidapplication.data.database.character.DbCharacter.hair"]},{"name":"val hair: String","description":"dev.brampie.myandroidapplication.model.character.Character.hair","location":"app/dev.brampie.myandroidapplication.model.character/-character/hair.html","searchKeys":["hair","val hair: String","dev.brampie.myandroidapplication.model.character.Character.hair"]},{"name":"val hair: String","description":"dev.brampie.myandroidapplication.network.character.ApiCharacter.hair","location":"app/dev.brampie.myandroidapplication.network.character/-api-character/hair.html","searchKeys":["hair","val hair: String","dev.brampie.myandroidapplication.network.character.ApiCharacter.hair"]},{"name":"val id: Int","description":"dev.brampie.myandroidapplication.model.character.Character.id","location":"app/dev.brampie.myandroidapplication.model.character/-character/id.html","searchKeys":["id","val id: Int","dev.brampie.myandroidapplication.model.character.Character.id"]},{"name":"val id: Int","description":"dev.brampie.myandroidapplication.model.location.Location.id","location":"app/dev.brampie.myandroidapplication.model.location/-location/id.html","searchKeys":["id","val id: Int","dev.brampie.myandroidapplication.model.location.Location.id"]},{"name":"val id: Int","description":"dev.brampie.myandroidapplication.network.character.ApiCharacter.id","location":"app/dev.brampie.myandroidapplication.network.character/-api-character/id.html","searchKeys":["id","val id: Int","dev.brampie.myandroidapplication.network.character.ApiCharacter.id"]},{"name":"val id: Int","description":"dev.brampie.myandroidapplication.network.location.ApiLocation.id","location":"app/dev.brampie.myandroidapplication.network.location/-api-location/id.html","searchKeys":["id","val id: Int","dev.brampie.myandroidapplication.network.location.ApiLocation.id"]},{"name":"val id: Int = 0","description":"dev.brampie.myandroidapplication.data.database.character.DbCharacter.id","location":"app/dev.brampie.myandroidapplication.data.database.character/-db-character/id.html","searchKeys":["id","val id: Int = 0","dev.brampie.myandroidapplication.data.database.character.DbCharacter.id"]},{"name":"val id: Int = 0","description":"dev.brampie.myandroidapplication.data.database.location.DbLocation.id","location":"app/dev.brampie.myandroidapplication.data.database.location/-db-location/id.html","searchKeys":["id","val id: Int = 0","dev.brampie.myandroidapplication.data.database.location.DbLocation.id"]},{"name":"val img_url: String","description":"dev.brampie.myandroidapplication.data.database.character.DbCharacter.img_url","location":"app/dev.brampie.myandroidapplication.data.database.character/-db-character/img_url.html","searchKeys":["img_url","val img_url: String","dev.brampie.myandroidapplication.data.database.character.DbCharacter.img_url"]},{"name":"val img_url: String","description":"dev.brampie.myandroidapplication.data.database.location.DbLocation.img_url","location":"app/dev.brampie.myandroidapplication.data.database.location/-db-location/img_url.html","searchKeys":["img_url","val img_url: String","dev.brampie.myandroidapplication.data.database.location.DbLocation.img_url"]},{"name":"val img_url: String","description":"dev.brampie.myandroidapplication.model.character.Character.img_url","location":"app/dev.brampie.myandroidapplication.model.character/-character/img_url.html","searchKeys":["img_url","val img_url: String","dev.brampie.myandroidapplication.model.character.Character.img_url"]},{"name":"val img_url: String","description":"dev.brampie.myandroidapplication.model.location.Location.img_url","location":"app/dev.brampie.myandroidapplication.model.location/-location/img_url.html","searchKeys":["img_url","val img_url: String","dev.brampie.myandroidapplication.model.location.Location.img_url"]},{"name":"val img_url: String","description":"dev.brampie.myandroidapplication.network.character.ApiCharacter.img_url","location":"app/dev.brampie.myandroidapplication.network.character/-api-character/img_url.html","searchKeys":["img_url","val img_url: String","dev.brampie.myandroidapplication.network.character.ApiCharacter.img_url"]},{"name":"val img_url: String","description":"dev.brampie.myandroidapplication.network.location.ApiLocation.img_url","location":"app/dev.brampie.myandroidapplication.network.location/-api-location/img_url.html","searchKeys":["img_url","val img_url: String","dev.brampie.myandroidapplication.network.location.ApiLocation.img_url"]},{"name":"val locationList: List<Location>","description":"dev.brampie.myandroidapplication.network.location.LocationListState.locationList","location":"app/dev.brampie.myandroidapplication.network.location/-location-list-state/location-list.html","searchKeys":["locationList","val locationList: List<Location>","dev.brampie.myandroidapplication.network.location.LocationListState.locationList"]},{"name":"val logging: HttpLoggingInterceptor","description":"dev.brampie.myandroidapplication.data.DefaultAppContainer.logging","location":"app/dev.brampie.myandroidapplication.data/-default-app-container/logging.html","searchKeys":["logging","val logging: HttpLoggingInterceptor","dev.brampie.myandroidapplication.data.DefaultAppContainer.logging"]},{"name":"val name: String","description":"dev.brampie.myandroidapplication.data.database.character.DbCharacter.name","location":"app/dev.brampie.myandroidapplication.data.database.character/-db-character/name.html","searchKeys":["name","val name: String","dev.brampie.myandroidapplication.data.database.character.DbCharacter.name"]},{"name":"val name: String","description":"dev.brampie.myandroidapplication.data.database.location.DbLocation.name","location":"app/dev.brampie.myandroidapplication.data.database.location/-db-location/name.html","searchKeys":["name","val name: String","dev.brampie.myandroidapplication.data.database.location.DbLocation.name"]},{"name":"val name: String","description":"dev.brampie.myandroidapplication.model.character.Character.name","location":"app/dev.brampie.myandroidapplication.model.character/-character/name.html","searchKeys":["name","val name: String","dev.brampie.myandroidapplication.model.character.Character.name"]},{"name":"val name: String","description":"dev.brampie.myandroidapplication.model.location.Location.name","location":"app/dev.brampie.myandroidapplication.model.location/-location/name.html","searchKeys":["name","val name: String","dev.brampie.myandroidapplication.model.location.Location.name"]},{"name":"val name: String","description":"dev.brampie.myandroidapplication.network.character.ApiCharacter.name","location":"app/dev.brampie.myandroidapplication.network.character/-api-character/name.html","searchKeys":["name","val name: String","dev.brampie.myandroidapplication.network.character.ApiCharacter.name"]},{"name":"val name: String","description":"dev.brampie.myandroidapplication.network.location.ApiLocation.name","location":"app/dev.brampie.myandroidapplication.network.location/-api-location/name.html","searchKeys":["name","val name: String","dev.brampie.myandroidapplication.network.location.ApiLocation.name"]},{"name":"val origin: String","description":"dev.brampie.myandroidapplication.data.database.character.DbCharacter.origin","location":"app/dev.brampie.myandroidapplication.data.database.character/-db-character/origin.html","searchKeys":["origin","val origin: String","dev.brampie.myandroidapplication.data.database.character.DbCharacter.origin"]},{"name":"val origin: String","description":"dev.brampie.myandroidapplication.model.character.Character.origin","location":"app/dev.brampie.myandroidapplication.model.character/-character/origin.html","searchKeys":["origin","val origin: String","dev.brampie.myandroidapplication.model.character.Character.origin"]},{"name":"val origin: String","description":"dev.brampie.myandroidapplication.network.character.ApiCharacter.origin","location":"app/dev.brampie.myandroidapplication.network.character/-api-character/origin.html","searchKeys":["origin","val origin: String","dev.brampie.myandroidapplication.network.character.ApiCharacter.origin"]},{"name":"val species: String","description":"dev.brampie.myandroidapplication.data.database.character.DbCharacter.species","location":"app/dev.brampie.myandroidapplication.data.database.character/-db-character/species.html","searchKeys":["species","val species: String","dev.brampie.myandroidapplication.data.database.character.DbCharacter.species"]},{"name":"val species: String","description":"dev.brampie.myandroidapplication.model.character.Character.species","location":"app/dev.brampie.myandroidapplication.model.character/-character/species.html","searchKeys":["species","val species: String","dev.brampie.myandroidapplication.model.character.Character.species"]},{"name":"val species: String","description":"dev.brampie.myandroidapplication.network.character.ApiCharacter.species","location":"app/dev.brampie.myandroidapplication.network.character/-api-character/species.html","searchKeys":["species","val species: String","dev.brampie.myandroidapplication.network.character.ApiCharacter.species"]},{"name":"val status: String","description":"dev.brampie.myandroidapplication.data.database.character.DbCharacter.status","location":"app/dev.brampie.myandroidapplication.data.database.character/-db-character/status.html","searchKeys":["status","val status: String","dev.brampie.myandroidapplication.data.database.character.DbCharacter.status"]},{"name":"val status: String","description":"dev.brampie.myandroidapplication.model.character.Character.status","location":"app/dev.brampie.myandroidapplication.model.character/-character/status.html","searchKeys":["status","val status: String","dev.brampie.myandroidapplication.model.character.Character.status"]},{"name":"val status: String","description":"dev.brampie.myandroidapplication.network.character.ApiCharacter.status","location":"app/dev.brampie.myandroidapplication.network.character/-api-character/status.html","searchKeys":["status","val status: String","dev.brampie.myandroidapplication.network.character.ApiCharacter.status"]},{"name":"val type: String","description":"dev.brampie.myandroidapplication.data.database.location.DbLocation.type","location":"app/dev.brampie.myandroidapplication.data.database.location/-db-location/type.html","searchKeys":["type","val type: String","dev.brampie.myandroidapplication.data.database.location.DbLocation.type"]},{"name":"val type: String","description":"dev.brampie.myandroidapplication.model.location.Location.type","location":"app/dev.brampie.myandroidapplication.model.location/-location/type.html","searchKeys":["type","val type: String","dev.brampie.myandroidapplication.model.location.Location.type"]},{"name":"val type: String","description":"dev.brampie.myandroidapplication.network.location.ApiLocation.type","location":"app/dev.brampie.myandroidapplication.network.location/-api-location/type.html","searchKeys":["type","val type: String","dev.brampie.myandroidapplication.network.location.ApiLocation.type"]},{"name":"val uiState: StateFlow<CharacterState>","description":"dev.brampie.myandroidapplication.ui.character.overview.CharacterViewModel.uiState","location":"app/dev.brampie.myandroidapplication.ui.character.overview/-character-view-model/ui-state.html","searchKeys":["uiState","val uiState: StateFlow<CharacterState>","dev.brampie.myandroidapplication.ui.character.overview.CharacterViewModel.uiState"]},{"name":"val uiState: StateFlow<LocationState>","description":"dev.brampie.myandroidapplication.ui.location.LocationViewModel.uiState","location":"app/dev.brampie.myandroidapplication.ui.location/-location-view-model/ui-state.html","searchKeys":["uiState","val uiState: StateFlow<LocationState>","dev.brampie.myandroidapplication.ui.location.LocationViewModel.uiState"]},{"name":"var characterApiState: ApiCharacterState","description":"dev.brampie.myandroidapplication.ui.character.overview.CharacterViewModel.characterApiState","location":"app/dev.brampie.myandroidapplication.ui.character.overview/-character-view-model/character-api-state.html","searchKeys":["characterApiState","var characterApiState: ApiCharacterState","dev.brampie.myandroidapplication.ui.character.overview.CharacterViewModel.characterApiState"]},{"name":"var locationApiState: ApiLocationState","description":"dev.brampie.myandroidapplication.ui.location.LocationViewModel.locationApiState","location":"app/dev.brampie.myandroidapplication.ui.location/-location-view-model/location-api-state.html","searchKeys":["locationApiState","var locationApiState: ApiLocationState","dev.brampie.myandroidapplication.ui.location.LocationViewModel.locationApiState"]}]
